{
        "class_name" : "ViewTrajectory",
        "interval" : 29,
        "is_loop" : false,
        "trajectory" :
        [
                {
                        "boundingbox_max" : [ 78.846107482910156, 73.695899963378906, 2.908588171005249 ],
                        "boundingbox_min" : [ -77.918357849121094, -74.920326232910156, -6.4549870491027832 ],
                        "field_of_view" : 60.0,
                        "front" : [ -0.90257514566292774, 0.019415843701650067, 0.43009432854305096 ],
                        "lookat" : [ -28.237557161473131, 2.6128332306029169, 13.414128912417075 ],
                        "up" : [ 0.43049126311426439, 0.054501231020522095, 0.90094777218190225 ],
                        "zoom" : 0.31999999999999973
                }
        ],
        "version_major" : 1,
        "version_minor" : 0
}